{
  "type": "FeatureCollection",
  "crs": {
    "type": "name",
    "properties": {
      "name": "urn:ogc:def:crs:OGC:1.3:CRS84"
    }
  },
  "features": [
    {
      "type": "Feature",
      "properties": {
        "id": 601,
        "type": "stairs",
        "name": "stairs down from 2 to 1"
      },
      "levels":[2,1],
      "geometry": {
        "type": "LineString",
        "coordinates": [
          [
            -2.9786991, 
            56.4602633
          ],
          [
            -2.9786746,
             56.4602711
          ]
        ]
      }
    },
    {
      "type": "Feature",
      "properties": {
        "id": 602,
        "type": "stairs",
        "name": "stairs down from 1 to gf"
      },
      "levels":[1,0],
      "geometry": {
        "type": "LineString",
        "coordinates": [
          [
            -2.978674574758676,
            56.460271115730343
          ],
          [
            -2.978675082791774,
            56.460269535182931
          ]
        ]
      }
    },
    {
      "type": "Feature",
      "properties": {
        "id": 603,
        "type": "elevator",
        "name": "elevator 2 to gf"
      },
      "levels":[2,0],
      "geometry": {
        "type": "LineString",
        "coordinates": [
          [
            -2.978657315745386,
            56.46021331285349
          ],
          [
            -2.978657315745386,
            56.46021331285349
          ]
        ]
      }
    }
  ],
  "level_filenames": [
  	"westport-house-floor-gf-paths.geojson",
  	"westport-house-floor-1-paths.geojson",
  	"westport-house-floor-2-paths.geojson"
  ]
}